,train2 acc,val impostor recall
KNeighborsClassifier,0.9534005037783375,0.9610778443113772
LogisticRegression,1.0,0.9401197604790419
XGBClassifier,1.0,0.8922155688622755
RandomForestClassifier,1.0,0.8413173652694611
LinearDiscriminantAnalysis,0.9974811083123426,0.8203592814371258
RidgeClassifier,1.0,0.8053892215568862
GaussianNB,0.8828715365239295,0.7544910179640718
NearestCentroid,0.8709068010075567,0.7215568862275449
QuadraticDiscriminantAnalysis,1.0,0.5778443113772455
